{
  "0": 0.0,
  "1": 7.550950035363616e-06,
  "2": 2.013586676096964e-05,
  "3": 2.516983345121205e-06,
  "4": 1.2584916725606027e-05,
  "5": 0.0,
  "6": 0.0,
  "7": 0.0,
  "8": 0.0,
  "9": 7.550950035363617e-05,
  "10": 0.00012836615060118147,
  "11": 0.00012836615060118147,
  "12": 3.272078348657567e-05,
  "13": 0.0,
  "14": 0.0004354381187059685,
  "15": 0.00011829821722069666,
  "16": 0.0,
  "17": 0.0,
  "18": 1.761888341584844e-05,
  "19": 0.00012333218391093905,
  "20": 8.054346704387857e-05,
  "21": 4.78226835573029e-05,
  "22": 0.000281902134653575,
  "23": 0.0011225745719240575,
  "24": 2.5169833451212053e-05,
  "25": 2.516983345121205e-06,
  "26": 0.0,
  "27": 5.285665024754531e-05,
  "28": 0.0001409510673267875,
  "29": 0.00012584916725606027,
  "30": 0.00015856995074263594,
  "31": 0.0005059136523693623,
  "32": 0.0003146229181401507,
  "33": 5.7890616937787725e-05,
  "34": 5.03396669024241e-06,
  "35": 1.5101900070727233e-05,
  "36": 0.0,
  "37": 5.03396669024241e-06,
  "38": 5.03396669024241e-06,
  "39": 0.0,
  "40": 0.0,
  "41": 0.0,
  "42": 2.516983345121205e-06,
  "43": 0.002438956861422448,
  "44": 0.0005134646024047259,
  "45": 0.0008582913206863311,
  "46": 0.002552221111952902,
  "47": 0.00025421531785724174,
  "48": 0.0001434680506719087,
  "49": 9.816235045972701e-05,
  "50": 2.2652850106090847e-05,
  "51": 5.03396669024241e-06,
  "52": 0.0,
  "53": 1.006793338048482e-05,
  "54": 0.0001384340839816663,
  "55": 6.795855031827255e-05,
  "56": 4.278871686706049e-05,
  "57": 0.0,
  "58": 0.0,
  "59": 0.0,
  "60": 0.00030707196810478705,
  "61": 0.003148746164746628,
  "62": 0.0015127069904178445,
  "63": 0.0033047991321441426,
  "64": 0.001887737508840904,
  "65": 8.306045038899977e-05,
  "66": 0.00021394358433530244,
  "67": 2.013586676096964e-05,
  "68": 0.00012081520056581786,
  "69": 5.285665024754531e-05,
  "70": 7.550950035363616e-06,
  "71": 0.0005059136523693623,
  "72": 0.00029700403472430223,
  "73": 1.2584916725606027e-05,
  "74": 3.0203800141454465e-05,
  "75": 2.516983345121205e-06,
  "76": 2.516983345121205e-06,
  "77": 0.0,
  "78": 0.00031210593479502944,
  "79": 0.002625213628961417,
  "80": 0.006833609782004073,
  "81": 0.0020538584096189035,
  "82": 0.0006544156697315134,
  "83": 0.00025169833451212055,
  "84": 0.00012333218391093905,
  "85": 5.03396669024241e-06,
  "86": 2.013586676096964e-05,
  "87": 8.306045038899977e-05,
  "88": 1.2584916725606027e-05,
  "89": 7.550950035363617e-05,
  "90": 1.5101900070727233e-05,
  "91": 1.5101900070727233e-05,
  "92": 0.0,
  "93": 0.0,
  "94": 2.516983345121205e-06,
  "95": 0.0,
  "96": 0.0,
  "97": 1.2584916725606027e-05,
  "98": 0.0011502613887203908,
  "99": 0.006272322496042044,
  "100": 0.0010596499882960274,
  "101": 0.0016964467746116924,
  "102": 0.0017618883415848438,
  "103": 0.00020890961764506003,
  "104": 1.006793338048482e-05,
  "105": 7.550950035363616e-06,
  "106": 2.768681679633326e-05,
  "107": 3.523776683169688e-05,
  "108": 0.0002592492845474841,
  "109": 0.00010067933380484821,
  "110": 3.272078348657567e-05,
  "111": 0.0,
  "112": 0.0,
  "113": 2.516983345121205e-06,
  "114": 0.0,
  "115": 0.0,
  "116": 0.0,
  "117": 0.0,
  "118": 0.0,
  "119": 3.523776683169688e-05,
  "120": 0.00034986068497184754,
  "121": 0.001213185972348421,
  "122": 0.0018952884588762677,
  "123": 0.00048326080226327145,
  "124": 0.0013163822894983904,
  "125": 0.005836884377336075,
  "126": 1.5101900070727233e-05,
  "127": 0.0,
  "128": 6.292458362803014e-05,
  "129": 0.0021973264602908123,
  "130": 0.00010067933380484821,
  "131": 1.761888341584844e-05,
  "132": 6.292458362803014e-05,
  "133": 6.040760028290893e-05,
  "134": 2.2652850106090847e-05,
  "135": 0.0,
  "136": 0.0,
  "137": 0.0,
  "138": 0.0,
  "139": 0.0,
  "140": 0.0,
  "141": 0.0,
  "142": 2.516983345121205e-06,
  "143": 5.03396669024241e-06,
  "144": 0.0003548946516620899,
  "145": 5.537363359266652e-05,
  "146": 0.0007173402533595435,
  "147": 0.0031311272813307795,
  "148": 0.0005587703026169075,
  "149": 0.0008356384705802401,
  "150": 0.0030480668309417797,
  "151": 0.0034155463993294755,
  "152": 0.0010823028384021184,
  "153": 0.0007425100868107556,
  "154": 0.00015101900070727233,
  "155": 0.0002340794510962721,
  "156": 2.768681679633326e-05,
  "157": 2.5169833451212053e-05,
  "158": 2.013586676096964e-05,
  "159": 0.0001409510673267875,
  "160": 0.0,
  "161": 2.516983345121205e-06,
  "162": 5.03396669024241e-06,
  "163": 2.516983345121205e-06,
  "164": 0.0,
  "165": 0.0,
  "166": 0.0,
  "167": 2.516983345121205e-06,
  "168": 0.0,
  "169": 0.0003397927515913627,
  "170": 0.00022401151771578727,
  "171": 0.00014850201736215111,
  "172": 0.0009690385878716641,
  "173": 0.002094130143140843,
  "174": 0.0008381554539253614,
  "175": 0.0008079516537839069,
  "176": 0.005152264907463107,
  "177": 0.0030480668309417797,
  "178": 0.0007399931034656344,
  "179": 0.0015026390570373595,
  "180": 0.0009287668543497248,
  "181": 0.0009992423880131186,
  "182": 0.00019380771757433282,
  "183": 1.2584916725606027e-05,
  "184": 0.0,
  "185": 2.516983345121205e-06,
  "186": 0.0,
  "187": 1.006793338048482e-05,
  "188": 7.550950035363616e-06,
  "189": 0.0,
  "190": 0.0,
  "191": 0.0,
  "192": 0.0,
  "193": 0.00021897755102554485,
  "194": 0.0004505400187766958,
  "195": 0.0004882947689535138,
  "196": 0.0009413517710753307,
  "197": 0.0010747518883667546,
  "198": 0.003715067417398899,
  "199": 0.007399931034656344,
  "200": 0.00712054588334789,
  "201": 0.004437441637448685,
  "202": 0.0032318066151356276,
  "203": 0.0012937294393922996,
  "204": 0.003136161248021022,
  "205": 0.0020639263429993882,
  "206": 0.0002340794510962721,
  "207": 0.0,
  "208": 0.0,
  "209": 0.0,
  "210": 0.0,
  "211": 0.0,
  "212": 0.0,
  "213": 0.0,
  "214": 0.0,
  "215": 0.0,
  "216": 0.0,
  "217": 0.00015605296739751472,
  "218": 0.00044550605208645334,
  "219": 0.0004127852685998777,
  "220": 0.0024213379780065997,
  "221": 0.0023382775276176,
  "222": 0.0017165826413726621,
  "223": 0.004744513605553472,
  "224": 0.0048024042224912595,
  "225": 0.007367210251169768,
  "226": 0.0017669223082750862,
  "227": 0.007694418086035525,
  "228": 0.004741996622208351,
  "229": 0.003566565400036748,
  "230": 0.0013163822894983904,
  "231": 0.00012584916725606027,
  "232": 5.03396669024241e-06,
  "233": 0.0,
  "234": 0.0,
  "235": 0.0,
  "236": 0.0,
  "237": 0.0,
  "238": 2.516983345121205e-06,
  "239": 0.0,
  "240": 0.0,
  "241": 7.550950035363616e-06,
  "242": 0.00036244560169745356,
  "243": 0.0004882947689535138,
  "244": 0.003410512432639233,
  "245": 0.009592223528256914,
  "246": 0.0027913345297394167,
  "247": 0.006259737579316437,
  "248": 0.016013048041661107,
  "249": 0.018530031386782313,
  "250": 0.01581168937405141,
  "251": 0.010558745132783456,
  "252": 0.002230047243777388,
  "253": 0.005587703026169076,
  "254": 0.000674551536492483,
  "255": 3.272078348657567e-05,
  "256": 0.0,
  "257": 0.0,
  "258": 0.0,
  "259": 0.0,
  "260": 0.0,
  "261": 0.0,
  "262": 2.516983345121205e-06,
  "263": 0.0,
  "264": 3.272078348657567e-05,
  "265": 4.5305700212181695e-05,
  "266": 0.00029700403472430223,
  "267": 0.001165363288791118,
  "268": 0.0021973264602908123,
  "269": 0.0027510627962174772,
  "270": 0.01791588745057274,
  "271": 0.022831555923594454,
  "272": 0.018590438987065222,
  "273": 0.022564755689011607,
  "274": 0.009700453812097125,
  "275": 0.0022879378607151757,
  "276": 0.005459336875567895,
  "277": 0.002733443912801629,
  "278": 5.03396669024241e-06,
  "279": 1.761888341584844e-05,
  "280": 5.033966690242411e-05,
  "281": 4.5305700212181695e-05,
  "282": 0.0,
  "283": 0.0,
  "284": 0.0,
  "285": 0.0,
  "286": 0.0,
  "287": 0.0,
  "288": 1.2584916725606027e-05,
  "289": 0.00035992861835233236,
  "290": 0.00077271388695221,
  "291": 0.0007903327703680584,
  "292": 0.0009841404879423912,
  "293": 0.001374272906436178,
  "294": 0.004933287356437562,
  "295": 0.012033697373024482,
  "296": 0.04593746303180712,